author,title,description,url,urlToImage,publishedAt,content,source_id,source_name
prosen@insider.com (Phil Rosen),S&P 500 companies are more obsessed than ever with AI,The percentage of major companies mentioning artificial intelligence on earnings calls skyrocketed to a record high this earnings season.,https://markets.businessinsider.com/news/stocks/ai-stocks-sp500-4q-tech-earnings-artificial-intelligence-goldman-sachs-2024-2,https://i.insider.com/65ce5a1b6fcb546d2d5038d4?width=1200&format=jpeg,2024-02-15T19:25:32Z,"Corporate America's obsession with artificial intelligence has shown no sign of slowing down, egged on by investors' frenzy for anything related to the burgeoning tech. 
After a slight dip in the th… [+1824 chars]",business-insider,Business Insider
mfox@businessinsider.com (Matthew Fox),What a Trump 2.0 presidency would mean for the stock market,"""We would be inclined to only slightly lower our S&P 500 forecast of 6,500 by end-25, if Trump won,"" Capital Economics said.",https://markets.businessinsider.com/news/stocks/donald-trump-second-term-president-stock-market-implications-inflation-rates-2024-2,https://i.insider.com/65d8db6e90413ab8e1d67866?width=1200&format=jpeg,2024-02-25T13:30:01Z,"Investors are beginning to consider the potential stock market implications of a second Donald Trump presidency.
Trump has been ahead of President Joe Biden in various polls and betting markets, so … [+2895 chars]",business-insider,Business Insider
Jennifer Sor,"Corporate greed is pushing prices up even as the main drivers of inflation keep falling, Fundstrat's Tom Lee says","The S&P 500 could soar as high as 5,500 this year, thanks to a slew of positive indicators that flashed in January, Fundstrat previously said.",https://markets.businessinsider.com/news/stocks/us-economic-outlook-inflation-stock-market-greedflation-fundstrat-tom-lee-2024-3,https://i.insider.com/65b10e6e43bb77284ba01576?width=1200&format=jpeg,2024-03-04T15:28:46Z,"Cindy Ord/Getty Images
<ul>
<li>Corporate greed drove inflation higher in January, according to Fundstrat's Tom Lee.</li>
<li>But inflation as a whole is dropping, </li>
<li>Lee sees the S&P 500 hit… [+2018 chars]",business-insider,Business Insider
Theron Mohamed,"S&P 500 might crash 60%, a recession is looming, and speculation is rife, warns elite technical analyst Milton Berg",Veteran analyst Milton Berg said he's short stocks including Nvidia and Netflix as he believes the market is near its peak and recession may lie ahead.,https://markets.businessinsider.com/news/stocks/stock-market-outlook-crash-spx-berg-recession-speculation-nvidia-short-2024-3,https://i.insider.com/65e8737cce7f1785b2e6bb23?width=1200&format=jpeg,2024-03-06T15:33:24Z,"Milton Berg.Forward Guidance/YouTube
<ul>
<li>Market bears calling for a 60% crash in the S&P 500 could soon be proven correct, Milton Berg said.</li>
<li>The technical analyst said that stocks may … [+3025 chars]",business-insider,Business Insider
tmohamed@insider.com (Theron Mohamed),Stock market today: S&P and Nasdaq futures rise as retail sales dip calms inflation fears,Wall Street cheered an unexpectedly sharp drop in retail sales after inflation in January came in hotter than expected.,https://markets.businessinsider.com/news/stocks/stock-market-news-today-spx-nasdaq-futures-retail-sales-inflation-2024-2,https://i.insider.com/65947db91c5c7b8c9a0d686c?width=1200&format=jpeg,2024-02-16T10:52:12Z,"US stocks were primed to open higher on Friday as signs of softening consumer demand tempered concerns of stubborn inflation.
S&amp;P 500 futures were up 0.2% shortly after 5 a.m. ET, building on th… [+1677 chars]",business-insider,Business Insider
Steve Goldstein,S&P 500 futures ease from Nvidia-inspired record high,"U.S. stock futures took a step back on Friday, easing after a powerful rally sparked by results from chipmaker Nvidia that stoked enthusiasm about a possible artificial-intelligence revolution.",https://www.marketwatch.com/story/s-p-500-futures-ease-from-nvidia-inspired-record-high-8f618656,https://images.mktw.net/im-20169731/social,2024-02-23T10:09:00Z,"U.S. stock-index futures took a step back on Friday, easing after a powerful rally sparked by results from chipmaker Nvidia that stoked enthusiasm about a possible artificial-intelligence revolution.… [+2497 chars]",,MarketWatch
Steve Goldstein,S&P 500 futures pause after another record-setting session,"U.S. stock futures were steady early Monday, pausing after the S&P 500 advanced for the 16th week in 18.",https://www.marketwatch.com/story/s-p-500-futures-pause-after-another-record-setting-session-f86fa140,https://images.mktw.net/im-96067118/social,2024-03-04T10:13:00Z,"U.S. stock futures were steady early Monday, pausing after the S&amp;P 500 advanced for the 16th week in 18 to reach a new peak.
Whats happening
<ul><li> 
 Dow Jones Industrial Average futures 
 … [+1829 chars]",,MarketWatch
jsor@insider.com (Jennifer Sor),"A recession, investor FOMO, and inflation are threatening the stock market's red-hot rally","Markets are booming, but there's a lot of potential downside risk that investors have to consider, Wall Street pros warn.",https://markets.businessinsider.com/news/stocks/stock-market-outlook-recession-outlook-inflation-ai-tech-stocks-fomo-2024-2,https://i.insider.com/6452b45edcb78700180cc256?width=1200&format=jpeg,2024-02-16T14:53:54Z,"The stock market's red-hot rally faces a host of risks that could derail the last four months of stellar performance. 
Wall Street experts have been sounding the alarm that stocks are overvalued and… [+4116 chars]",business-insider,Business Insider
jsor@insider.com (Jennifer Sor),"The stock market is looking a lot like it did before the dot-com and '08 crashes, top economist says","""I don't find speculative manias a turn-on and in my personal finances, I avoid them like the plague,"" economist David Rosenberg writes.",https://markets.businessinsider.com/news/stocks/stock-market-outlook-recession-2008-crash-dot-com-sp500-bubble-2024-2,https://i.insider.com/65ca38166fcb546d2d4e7cde?width=1200&format=jpeg,2024-02-12T16:44:05Z,"The stock market is flashing the same warning signs of ""speculative mania"" that preceded the crashes of 2008 and 2000, according to economist David Rosenberg.
The Rosenberg Research president who ca… [+2804 chars]",business-insider,Business Insider
Bill Peters,"Deckers, Super Micro to join S&P 500, replacing Whirlpool, Zions Bancorp","Footwear maker Deckers Outdoor Corp. and data-server provider Super Micro Computer Inc. will join the S&P 500 stock index later this month, replacing Whirlpool Corp. and Zions Bancorporation, S&P Dow Jones Indices said Friday.",https://www.marketwatch.com/story/deckers-super-micro-computer-to-join-s-p-500-replacing-whirlpool-zions-bancorporation-faa14a0e,https://images.mktw.net/im-82810006/social,2024-03-01T23:31:00Z,"Footwear maker Deckers Outdoor Corp. and data-server provider Super Micro Computer Inc. will join the S&amp;P 500 SPX stock index later this month, replacing Whirlpool Corp. and Zions Bancorporation,… [+191 chars]",,MarketWatch
Jamie Chisholm,"Bank of America boosts S&P 500 target to 5,400. Here’s how it got there.","Bank of America has raised its S&P 500 target for year end to 5,400",https://www.marketwatch.com/story/bank-of-america-boosts-s-p-500-target-to-5-400-heres-how-it-got-there-21418f72,https://images.mktw.net/im-88409229/social,2024-03-04T11:31:00Z,"Futures suggest Wall Streets new week will get off to a cautious start, albeit with major stock barometers holding at record highs.Over just the last three months the Nasdaq Composite 
 COMP
 has c… [+7920 chars]",,MarketWatch
Philip van Doorn,Want your stock picks to beat index funds? Look at companies with one key metric.,A long-term analysis on returns on invested capital shows that the best financial operators tend to beat the S&P 500’s returns.,https://www.marketwatch.com/story/want-your-stock-picks-to-beat-index-funds-look-at-companies-with-one-key-metric-5c2bf822,https://images.mktw.net/im-93671146/social,2024-02-12T18:33:00Z,"Long-term investors have been well served by index funds, which often charge very low fees and can be hard for active portfolio managers to beat. But some investors want to select individual stocks f… [+9118 chars]",,MarketWatch
Joseph Adinolfi,A growing number of stocks are joining the market rally — even as Big Tech still gets most of the attention,Nvidia’s blockbuster earnings report helped all 11 of the S&P 500’s sectors finish the week in the green for the first time this year.,https://www.marketwatch.com/story/a-growing-number-of-stocks-are-joining-the-market-rally-even-as-big-tech-still-gets-most-of-the-attention-a0231a08,https://images.mktw.net/im-20169731/social,2024-02-24T00:19:00Z,"A rally in Big Tech stocks received most of the credit for driving global markets higher this week. But in the U.S., they couldnt have done it without a little help from their friends. As the S&amp;P… [+7754 chars]",,MarketWatch
Tomi Kilgore,This stock is now beating Nvidia’s as the top S&P 500 gainer for February,"Shares of nuclear power company Constellation Energy surged Wednesday, to climb past Nvidia’s stock as the S&P 500’s best performer in February.",https://www.marketwatch.com/story/this-stock-is-now-beating-nvidias-as-the-top-s-p-500-gainer-for-february-da72d1c7,https://images.mktw.net/im-06324117/social,2024-02-28T19:10:00Z,"You dont have to be in the artificial intelligence business to see your stock go nuclear.Shares of this old-economy company rallied further into record territory Wednesday, the day after they booked … [+2395 chars]",,MarketWatch
Christine Idzelis,Majority of active U.S. large-cap stocks funds fail to beat S&P 500 in 2023 — a worse year for underperformance than 2022,"A majority of active funds focused on U.S. large-cap stocks failed to beat the S&P 500 last year, extending their track record of underperformance, according to S&P Dow Jones Indices.",https://www.marketwatch.com/story/majority-of-active-u-s-large-cap-stocks-funds-fail-to-beat-s-p-500-in-2023-a-worse-year-for-underperformance-than-2022-89fad8a1,https://images.mktw.net/im-07151356/social,2024-03-06T15:01:00Z,"A majority of active funds focused on U.S. large-cap stocks failed to beat the S&amp;P 500 index last year, extending their track record of underperformance, according to S&amp;P Dow Jones Indices.
… [+261 chars]",,MarketWatch
tmohamed@insider.com (Theron Mohamed),"A 4,400,000% return and a $168 billion cash pile. Here are 6 juicy nuggets from Warren Buffett's new letter.","Warren Buffett's Berkshire Hathaway disclosed a $168 billion cash pile, which is more than Uber, Walmart or American Express are worth.",https://www.businessinsider.com/warren-buffett-berkshire-hathaway-shareholder-letter-cash-stocks-portfolio-return-2024-2,https://i.insider.com/60ad12a4a412370019d31cba?width=1200&format=jpeg,2024-02-26T16:18:42Z,"Warren Buffett published his annual letter to Berkshire Hathaway shareholders on Saturday, a tradition that stretches back nearly six decades.
The famed investor's latest missive and full-year repor… [+3650 chars]",business-insider,Business Insider
Mark Hulbert,Even Warren Buffett is no match for the S&P 500,Berkshire Hathaway stock over the past 20 years has almost precisely equaled the return of the S&P 500.,https://www.marketwatch.com/story/even-warren-buffett-is-no-match-for-the-s-p-500-a6e096c5,https://images.mktw.net/im-338049/social,2024-02-15T12:20:00Z,"Berkshire Hathaway 
 BRK.A,
 +1.20%
BRK.B,
 +0.98%
stock over the past 20 years has almost precisely equaled the return of the S&amp;P 500 
 SPX.
 Let that sink in for a minute. Berkshire Hath… [+3657 chars]",,MarketWatch
Christine Idzelis,S&P 500 scores gains last seen in 1971 as AI hopes fuel ‘second’ leg of rally,"U.S. stocks are kicking off March in positive territory, with S&P 500 logging a another weekly rise",https://www.marketwatch.com/story/s-p-500-scores-gains-last-seen-in-1971-as-ai-hopes-fuel-second-leg-of-rally-fe673bde,https://images.mktw.net/im-96067118/social,2024-03-02T13:00:00Z,"U.S. stocks kicked off March in fresh record territory, with the S&amp;P 500 clinching another big week of gains. 
On Friday the S&amp;P 500 posted gains in 16 out of 18 weeks for the first time sin… [+150 chars]",,MarketWatch
Jamie Chisholm,S&P 500 futures edge higher after hot inflation sell-off,U.S. stock futures were higher early Wednesday as the market started to come to terms with a hotter-than-expected inflation print that caused a dive the day before.,https://www.marketwatch.com/story/s-p-500-futures-edge-higher-after-hot-inflation-sell-off-e6522346,https://images.mktw.net/im-43549598/social,2024-02-14T09:26:00Z,"U.S. stock futures were higher early Wednesday as the market started to come to terms with a hotter-than-expected inflation print that caused a dive the day before.On Tuesday, the Dow Jones Industria… [+2352 chars]",,MarketWatch
Jamie Chisholm,S&P 500 futures lower as Nvidia dips ahead of earnings midweek,U.S. stock-index futures moved lower as investors returned from the holiday weekend in cautious mood ahead of earnings reports that will shed light on the health of the consumer and crucial results from AI-darling Nvidia.,https://www.marketwatch.com/story/s-p-500-futures-lower-as-nvidia-dips-ahead-of-earnings-midweek-2c8696b8,https://images.mktw.net/im-05929300/social,2024-02-20T09:59:00Z,U.S. stock-index futures moved lower as investors returned from the holiday weekend in cautious mood ahead of earnings reports that will shed light on the health of the consumer and crucial results f… [+2944 chars],,MarketWatch
Mark Hulbert,Think the S&P 500 is top-heavy? Five stocks command 60% of this market.,New Zealand’s stock market shows how index concentration can have market-lagging results.,https://www.marketwatch.com/story/think-the-s-p-500-is-top-heavy-five-stocks-command-60-of-this-market-628fb529,https://images.mktw.net/im-34276373/social,2024-02-12T17:05:00Z,The New Zealand stock market has something to teach U.S. investors about the risks and rewards of a top-heavy market. Thats because New Zealands market is dominated by just a handful of big companies… [+3101 chars],,MarketWatch
Lawrence G. McMillan,"The S&P 500 is overbought, but that doesn’t mean it’s time to sell",Signs of a market top are everywhere — and investors are ignoring them for now.,https://www.marketwatch.com/story/the-s-p-500-is-overbought-but-that-doesnt-mean-its-time-to-sell-d1763efc,https://images.mktw.net/im-512751/social,2024-02-29T22:34:00Z,"The U.S. stock market, as measured by the S&amp;P 500 index SPX, registered new all-time highs last week but has pulled back slowly this week so far. As of last Friday, the index had made a new all-t… [+339 chars]",,MarketWatch
Christine Idzelis,"S&P 500 has ‘room to rally’ before Fed rate cut, according to this stock ‘playbook’","U.S. stocks may have some room to keep up their bullish run before the Federal Reserve’s first interest-rate cut —  despite a jump in volatility after Tuesday’s hotter-than-anticipated inflation data, according to DataTrek Research.",https://www.marketwatch.com/story/s-p-500-has-room-to-rally-before-fed-rate-cut-according-to-this-stock-playbook-66755a47,https://images.mktw.net/im-30026221/social,2024-02-14T20:02:00Z,"U.S. stocks may have some room to keep up their bullish run before the Federal Reserves first interest-rate cut   despite a jump in volatility after Tuesdays hotter-than-anticipated inflation data, a… [+336 chars]",,MarketWatch
Jamie Chisholm,S&P 500 in line for record as Nvidia results see Nasdaq futures rocket 350 points,Surging U.S. index futures show Wall Street eyeing fresh record highs as another blowout earnings report from Nvidia lifts technology stocks.,https://www.marketwatch.com/story/s-p-500-in-line-for-record-as-nvidia-results-see-nasdaq-futures-rocket-350-points-fc8841f6,https://images.mktw.net/im-93399732/social,2024-02-22T11:13:00Z,"Surging U.S. stock-index futures show Wall Street eyeing fresh record highs as another blowout earnings report from Nvidia lifts technology stocks.On Wednesday, the Dow Jones Industrial Average 
 DJ… [+2790 chars]",,MarketWatch
Jamie Chisholm,S&P 500 futures steady as markets consolidate after running to record highs,U.S. stock futures were little changed early Tuesday as traders eyed important economic data later in the week.,https://www.marketwatch.com/story/s-p-500-futures-steady-as-markets-consolidate-after-running-to-record-highs-593bbde9,https://images.mktw.net/im-93258951/social,2024-02-27T09:59:00Z,"U.S. stock-index futures were little changed early Tuesday as traders eyed important economic data later in the week.On Monday, the Dow Jones Industrial Average 
 DJIA
 fell 62 points, or 0.16%, to… [+2765 chars]",,MarketWatch
Deanna Ritchie,Nvidia is ahead of Amazon in market value — but for how long?,"Nvidia launches became the fourth most valuable U.S. corporation on Monday — temporarily surpassing Amazon.com Inc. and opening a new […]
The post Nvidia is ahead of Amazon in market value — but for how long? appeared first on ReadWrite.",https://readwrite.com/nvidia-is-ahead-of-amazon-in-market-value-but-for-how-long/,https://readwrite.com/wp-content/uploads/2024/02/Nvidia-is-ahead-of-Amazon.jpg,2024-02-13T01:49:10Z,Nvidia launches became the fourth most valuable U.S. corporation on Monday — temporarily surpassing Amazon.com Inc. and opening a new chapter in market capitalization as the chipmaker was propelled t… [+1674 chars],,ReadWrite
msmash,Morgan Stanley Says Firms Are Focused on Costs Like Never Before,"US companies are discussing cost control on earnings calls at a record rate, amid a push to reallocate funds and invest in new technologies, according to an analysis by Morgan Stanley strategists. From a report: Transcript mentions of ""operational efficiency""…",https://news.slashdot.org/story/24/02/12/147243/morgan-stanley-says-firms-are-focused-on-costs-like-never-before,https://a.fsdn.com/sd/topics/business_64.png,2024-02-12T14:07:00Z,"Transcript mentions of ""operational efficiency"" are at the highest ever in the US during this earnings season as companies focus on expense discipline, but also invest in technologies ""that can drive… [+823 chars]",,Slashdot.org
Isabel Wang,"While the tech rally loses stream, this stock-market breadth indicator is at its strongest level in nearly 3 years","A handful of megacap technology names were responsible for most of the S&P 500’s gains over the past year — but that has started to change in 2024, according to Bespoke Investment Group.",https://www.marketwatch.com/story/while-the-tech-rally-loses-stream-this-stock-market-breadth-indicator-is-at-its-strongest-level-in-nearly-3-years-595a6aab,https://images.mktw.net/im-53111258/social,2024-03-05T19:32:00Z,"A handful of megacap technology names were responsible for most of the S&amp;P 500s gains over the past year but that has started to change in 2024, according to Bespoke Investment Group. While the s… [+3303 chars]",,MarketWatch
Matthew Fox,The stock market's strong year is a good sign for Biden's reelection hopes,"""A strong start to the year for stocks has tended to foreshadow an incumbent victory, especially for Democrats,"" Ned Davis Research said.",https://markets.businessinsider.com/news/stocks/stock-market-signal-presidential-reelection-joe-biden-incumbent-donald-trump-2024-3,https://i.insider.com/65b05f5643bb77284b9ffe96?width=1200&format=jpeg,2024-03-02T13:46:01Z,"President Joe Biden arrives to pardon the National Thanksgiving turkeys, Liberty and Bell, during a ceremony on the South Lawn of the White House on November 20, 2023, in Washington, DC.Drew Angerer/… [+2273 chars]",business-insider,Business Insider
Joseph Adinolfi,Stocks with strongest demand for bullish options keep outperforming the S&P 500,"Outperforming stocks are seeing the strongest demand for bullish option bets, Citigroup strategists find.",https://www.marketwatch.com/story/stocks-with-strongest-demand-for-bullish-options-keep-outperforming-the-s-p-500-b68a51fb,https://images.mktw.net/im-257704/social,2024-03-05T19:00:00Z,Surging demand for options contracts has accompanied a rally for stocks this year as both professional and retail traders have piled into bullish bets on individual stocks at the fastest pace since t… [+2360 chars],,MarketWatch
Lawrence G. McMillan,S&P 500 chart is still bullish — even as stronger headwinds hit the market,Keep a core bullish position and watch for signs of weakness.,https://www.marketwatch.com/story/s-p-500-chart-is-still-bullish-even-as-stronger-headwinds-hit-the-market-6243928b,https://images.mktw.net/im-783601/social,2024-02-15T23:49:00Z,"The U.S. stock market, as measured by the S&amp;P 500 Index, ran into trouble earlier this week as it reacted negatively to the U.S. consumer-price index report. But prices bounced back the next day,… [+331 chars]",,MarketWatch
Barbara Kollmeyer,"S&P 500 seen grinding to new high with producer prices, sentiment data ahead",U.S. stock index futures are pointing mostly higher ahead of Friday’s open with more economic data on the way.,https://www.marketwatch.com/story/s-p-500-seen-grinding-to-new-high-with-producer-prices-sentiment-data-ahead-08c44188,https://images.mktw.net/im-38301323/social,2024-02-16T10:20:00Z,"U.S. equity index futures indicated the S&amp;P 500 could grind to another record high on Friday, with the technology sector likely to see a third-straight winning session, as a fresh batch of econom… [+1937 chars]",,MarketWatch
Christine Idzelis,AI stocks in the S&P 500 have outperformed this year — and not just the ‘Magnificent Seven’,"It’s not just the top seven companies in the S&P 500 that are benefiting from the stock-market craze around artificial intelligence, according to Bespoke Investment Group.",https://www.marketwatch.com/story/ai-stocks-in-the-s-p-500-have-outperformed-this-year-and-not-just-the-magnificent-seven-0faeee1d,https://images.mktw.net/im-82393258/social,2024-02-20T18:45:00Z,"Its not just the top seven companies in the S&amp;P 500 that are benefiting from the stock-market craze around artificial intelligence, according to Bespoke Investment Group. Sixty-seven stocks in th… [+3039 chars]",,MarketWatch
Barbara Kollmeyer,"Goldman Sachs lifts S&P 500 target to 5,200, says Big Tech must do the heavy lifting","Citing expectations for stronger economic growth and profits for Big Tech, Goldman joins some of Wall Street’s biggest bulls with an S&P 500 forecast of 5,200.",https://www.marketwatch.com/story/goldman-sachs-lifts-s-p-500-target-to-5-200-says-big-tech-must-do-the-heavy-lifting-1202a3f6,https://images.mktw.net/im-89443399/social,2024-02-19T09:47:00Z,"Just days ahead of potentially pivotal results from Nvidia Corp., Goldman Sachs has lifted its year-end S&amp;P 500 target to 5,200, but with much of that hinging on Big Techs ability to keep deliver… [+3948 chars]",,MarketWatch
Joseph Adinolfi,"Alphabet, Amazon likely to follow Meta by introducing first-ever dividends in 2024",There is good news for income-oriented investors — or anybody who owns any of the so-called Magnificent Seven tech stocks that have powered much of the S&P 500’s gains over the past year.,https://www.marketwatch.com/story/alphabet-amazon-likely-to-follow-meta-by-introducing-first-ever-dividends-in-2024-839167f4,https://images.mktw.net/im-39439057/social,2024-02-12T14:38:00Z,There is good news for income-oriented investors or anybody who owns any of the so-called Magnificent Seven tech stocks that have powered much of the S&amp;P 500s gains over the past year. Meta Platf… [+2839 chars],,MarketWatch
jsor@businessinsider.com (Jennifer Sor),"Stocks will likely keep rising under the Fed's policy regime as the 'roaring 1990s' returns, market vet says","Stocks will climb higher through the rest of the 2020s as interest rates are in a sweet spot, according to market vet Ed Yardeni",https://markets.businessinsider.com/news/stocks/stock-market-outlook-fed-rate-cuts-economy-inflation-roaring-90s-2024-2,https://i.insider.com/5b116c591ae6621b008b4749?width=1200&format=jpeg,2024-02-26T14:59:54Z,"Stocks will likely keep climbing over the next decade, because interest rates in the economy are priced just right, which means the ""roaring 1990s"" could make a comeback, according to Wall Street vet… [+3393 chars]",business-insider,Business Insider
Barbara Kollmeyer,U.S. stock futures steady ahead of busy data week as investors look for fresh catalysts,U.S. equity futures point to a flat start on Monday as a busy data week looms and investors look for a fresh catalyst to push the S&P 500 higher.,https://www.marketwatch.com/story/u-s-stock-futures-steady-ahead-of-busy-data-week-as-investors-look-for-fresh-catalysts-ed772727,https://images.mktw.net/im-96067118/social,2024-02-26T11:28:00Z,"U.S. stock futures pointed to a mostly flat start for Wall Street on Monday, as investors braced for a busy week of data, and looked for more catalysts to take the market higher following a boost fro… [+2195 chars]",,MarketWatch
Christine Idzelis,Why international stocks may be an ‘inexpensive hedge’ as S&P 500 outperforms rest of the world,"The S&P 500 has been beating the rest of the world for years, but diversifying geographically may now be “an inexpensive hedge” against a potential correction in U.S stocks, according to Morgan Stanley Wealth Management.",https://www.marketwatch.com/story/why-international-stocks-may-be-an-inexpensive-hedge-as-s-p-500-outperforms-rest-of-the-world-52bab410,https://images.mktw.net/im-49206722/social,2024-02-26T19:56:00Z,"The S&amp;P 500 has been beating the rest of the world for years, but diversifying geographically may now be an inexpensive hedge against a potential correction in U.S stocks, according to Morgan Sta… [+4809 chars]",,MarketWatch
mfox@businessinsider.com (Matthew Fox),"Why stocks will rise in 2024 with or without a rate cut, according to BofA","""In our view, as long as the Fed doesn't hike further from here, stocks could remain reasonably well positioned,"" Bank of America said.",https://markets.businessinsider.com/news/stocks/federal-reserve-interest-rate-cuts-stock-market-outlook-investing-bofa-2024-2,https://i.insider.com/63473024c03fe400197b4e05?width=1200&format=jpeg,2024-02-12T16:28:13Z,"The stock market doesn't need interest rate cuts to continue rising in 2024, according to Bank of America equity strategist Savita Subramanian.
Investors appear poised for disappointment as they con… [+1766 chars]",business-insider,Business Insider
Isabel Wang,How U.S. stock markets have fared in March following a strong February,"U.S. stocks cemented a winning month in February, but the seemingly relentless rally also raises the concern of whether investors would take profits in the early days of March.",https://www.marketwatch.com/story/how-u-s-stock-markets-have-fared-in-march-following-a-strong-february-2a8b7d18,https://images.mktw.net/im-38301323/social,2024-03-01T18:40:00Z,"U.S. stocks cemented a winning month in February, but the seemingly relentless rally raises the concern of whether investors would take profits in the early days of March. When glancing back in time,… [+2334 chars]",,MarketWatch
Philip van Doorn,25 of the best-performing stocks in the S&P 500 appear to be better values than they were a year ago. Nvidia is one of them.,"Nvidia, Uber, Amazon and Live Nation are four of the companies that have combined soaring stock prices with even more rapid increases in earnings estimates over the past year.",https://www.marketwatch.com/story/25-of-the-best-performing-stocks-in-the-s-p-500-appear-to-be-better-values-than-they-were-a-year-ago-nvidia-is-one-of-them-488ec988,https://images.mktw.net/im-33462096/social,2024-03-04T16:31:00Z,"Some investors love to ride along with momentum, and the biggest question is always how long the big market moves may last. Over the past year, the U.S. stock market as a whole has gotten more expens… [+7938 chars]",,MarketWatch
William Watts,Dow bounces back from inflation-inspired dive. Here’s the message for investors.,Investors are shaking off a likely delay when it comes to Federal Reserve rate cuts.,https://www.marketwatch.com/story/dow-bounces-back-from-inflation-inspired-dive-heres-the-message-for-investors-5d687c0e,https://images.mktw.net/im-602550/social,2024-02-16T17:24:00Z,"For at least the third time since late December, the stock market suffered a steep one-day fall only to quickly claim most of it back, leaving investors to divine whats really driving a bull market t… [+3290 chars]",,MarketWatch
Mark Hulbert,The industry most favored by these stock-market experts might surprise you,The stocks and funds popular among top performing investment newsletters,https://www.marketwatch.com/story/the-industry-most-favored-by-these-stock-market-experts-might-surprise-you-28a81cda,https://images.mktw.net/im-388933/social,2024-02-12T16:20:00Z,"I bet you cant guess which industry is currently most favored by investment newsletters.
Ill give you a clue: Its not technology, which by far is the best-performing S&amp;P 500 SPX industry for yea… [+197 chars]",,MarketWatch
MarketWatch,These mutual fund and ETF investing tips can get you in step with the market,"Beating index funds; a Saudi Arabia ETF, and fund managers’ healthcare picks.",https://www.marketwatch.com/story/these-mutual-fund-and-etf-investing-tips-can-get-you-in-step-with-the-market-319d0993,https://images.mktw.net/im-643969/social,2024-02-22T13:11:00Z,Sign up here to get MarketWatchs highlights of the most timely ETF news emailed to you weekly!The growth of indexing may lead to some stocks being overvalued while others may be undervalued Read More… [+843 chars],,MarketWatch
Theron Mohamed,A trusted indicator is fueling recession warnings from Jeremy Grantham and other gurus. What you should know about the Leading Economic Index.,"The Leading Economic Index has declined for almost two years, fanning recession fears among top investors and economists.",https://www.businessinsider.com/leading-economic-index-recession-indicator-outlook-grantham-rosenberg-gundlach-shilling-2024-2,https://i.insider.com/65d4ae62a3bd891424f8764e?width=1200&format=jpeg,2024-02-21T12:26:04Z,"MJgraphics / Shutterstock
<ul><li>The Leading Economic Index brings together data on stocks, housing, credit, jobs, and sentiment.</li><li>The trusted recession indicator has declined for 22 consecu… [+4873 chars]",business-insider,Business Insider
Max Zahn,"AI is driving stock market gains. That's a problem, some analysts say.",Proponents say AI will revolutionize business. Critics warn it may never come.,https://abcnews.go.com/Business/ai-driving-stock-market-rally-technology-falters/story?id=107630455,https://i.abcnewsfe.com/a/a39fa70b-5951-45cb-b9e7-64f673ad579a/trader-nyse-gty-ml-240304_1709575733312_hpMain_16x9.jpg?w=1600,2024-03-05T13:18:00Z,"Ten days after the Super Bowl, Wall Street held its own version -- at least that's the way some traders on social media described it.
Nvidia, which had soared to prominence selling the majority of c… [+5611 chars]",abc-news,ABC News
Theron Mohamed,Market prophet Gary Shilling warns stocks could crash 30% — and says the odds are 'very much in favor of a recession',"Star forecaster Gary Shilling rang the alarm on stocks and growth, dismissed de-dollarization fears, and predicted the housing market would recover.",https://markets.businessinsider.com/news/stocks/stock-market-forecast-crash-shilling-recession-economy-dollar-housing-debt-2024-3,https://i.insider.com/608948dc3f0560001881c769?width=1200&format=jpeg,2024-03-05T12:18:19Z,"Gary Shilling.Bloomberg
<ul>
<li>Stocks may crash 30% and a recession could hit within months, Gary Shilling said.</li>
<li>The star forecaster said stocks are super pricey and flagged several signs… [+4198 chars]",business-insider,Business Insider
Yuheng Zhan,Why the productivity gains from AI won't be able to prevent a recession,"A burst of technological advancement has never reshaped the dynamics of the business cycle, economist David Rosenberg argues.",https://www.businessinsider.com/us-recession-artificial-intelligence-ai-boom-fail-prevent-hard-landing-2024-3,https://i.insider.com/63d904ef7db5600019bac3a6?width=1200&format=jpeg,2024-03-01T16:14:50Z,"Yuichiro Chino/Getty Images
<ul>
<li>AI may be powering the stock market higher but it won't stop a recession, David Rosenberg said. </li>
<li>AI can't change the fact that businesses are about to f… [+2211 chars]",business-insider,Business Insider
Aruni Soni,"A booming stock market means homebuyers will be more tolerant of high mortgage rates, Compass CEO says","Interest rates on home loans may be ticking up, but ""you don't need 6% mortgage rates when the stock market is at an all-time high.""",https://www.businessinsider.com/us-stock-market-housing-market-outlook-high-mortgage-rates-fed-2024-2,https://i.insider.com/65d78d3fa610a9069d5b4d6f?width=1200&format=jpeg,2024-02-22T19:28:03Z,"A for sale sign.Feverpitched/Getty Images
<ul>
<li>A strong US stock market means homebuyers are more tolerant of high mortgage rates, Compass CEO Robert Refkin said.</li>
<li>Mortgage rates have be… [+1799 chars]",business-insider,Business Insider
Aruni Soni,The Fed insists it will cut rates this year,"Although the Fed wants to see inflation cool further, it said it doesn't need to fall to its 2% target for rate cuts to be possible.",https://www.businessinsider.com/fed-interest-rate-cut-outlook-powell-inflation-data-us-economy-2024-3,https://i.insider.com/65e8b0136080194819fd2338?width=1200&format=jpeg,2024-03-06T19:58:13Z,"US Federal Reserve Board Chairman Jerome Powell.Anna Moneymaker/Getty Images
<ul>
<li>Jerome Powell reiterated on Wednesday that the Federal Reserve will cut interest rates this year.</li>
<li>While… [+2002 chars]",business-insider,Business Insider
Tomi Kilgore,The Dow is due for a change. These sectors may be affected.,"The keepers of the Dow Jones Industrial Average will have to make at least one change to the venerable index next week, and there’s a very good chance they’ll make a couple of others, as well.",https://www.marketwatch.com/story/the-dow-is-due-for-a-change-these-sectors-may-be-affected-2e32f173,https://images.mktw.net/im-20169731/social,2024-02-20T19:53:00Z,"The keepers of the Dow Jones Industrial Average will have to make at least one change to the venerable index next week, and theres a very good chance theyll make a couple of others, as well.S&amp;P D… [+3231 chars]",,MarketWatch
William Gavin,Super Micro Computer stock shot up 25% after snagging a coveted S&P 500 slot,Super Micro Computer’s stock is soaring above the clouds after the S&P Dow Jones indices awarded it a coveted spot in the S&P 500.Read more...,https://qz.com/ai-super-micro-computer-stock-nvidia-1851306253,"https://i.kinja-img.com/image/upload/c_fill,h_675,pg_1,q_80,w_1200/b48e8542fa4d0abf2ac97dc10a85f5f3.jpg",2024-03-04T20:26:00Z,"Super Micro Computers stock is soaring above the clouds after the S&amp;P Dow Jones indices awarded it a coveted spot in the S&amp;P 500.
After the news broke early on Monday, the 31-year-old server… [+1539 chars]",,Quartz India
Theron Mohamed,"Pricey stocks and homes, shaky banks, office turmoil, and people's debt woes are all worrying the Fed","Federal Reserve researchers flagged lofty asset valuations, commercial real estate pressures, vulnerable banks, and cash-strapped consumers as concerns.",https://www.businessinsider.com/fed-minutes-stocks-house-prices-banks-commercial-real-estate-debt-2024-2,https://i.insider.com/65d73673f533b039a885e272?width=1200&format=jpeg,2024-02-22T14:29:46Z,"Federal Reserve Board Chairman Jerome Powell.Yuri Gripas/Reuters
<ul><li>Fed staff flagged pricey stocks and homes, offices, banks, and cash-strapped consumers as concerns.</li><li>They warned that … [+3303 chars]",business-insider,Business Insider
Mark Hulbert,The Dow Transports are lagging. Here’s how that impacts stocks and the economy.,The broader U.S. market actually does better when transportation sector is weak,https://www.marketwatch.com/story/the-dow-transports-are-lagging-heres-how-that-impacts-stocks-and-the-economy-99a6b380,https://images.mktw.net/im-82709535/social,2024-03-05T22:45:00Z,"As the other major U.S. stock-market averages have soared to new all-time highs, the Dow Jones Transportation Average 
 DJT
 has struggled. The index as of March 4 was more than 6% below the all-ti… [+2257 chars]",,MarketWatch
Mark Hulbert,Why Amazon and Uber investors might wish the stocks hadn’t joined the Dow,Stocks deleted from an index often outperform their replacements.,https://www.marketwatch.com/story/why-amazon-and-uber-investors-might-wish-the-stocks-hadnt-joined-the-dow-8c0df3f7,https://images.mktw.net/im-316431/social,2024-02-26T12:11:00Z,"Amazon.com 
 AMZN,
 +0.23%
and Uber Technologies 
 UBER,
 +0.22%
shareholders would do well to pay attention to a stock-market pattern that doesnt favor these two stocks. Consider what happened… [+3768 chars]",,MarketWatch
Barbara Kollmeyer,This bank is putting AI to work S&P stock price targets for its millions of customers,The online unit of Santander Group announced Wednesday that all clients will be a free new service that uses AI to determine stock prices,https://www.marketwatch.com/story/this-bank-is-putting-ai-to-work-s-p-stock-price-targets-for-its-millions-of-customers-89030c01,https://images.mktw.net/im-19106105/social,2024-03-01T14:59:00Z,"While the financial world is still in the early stages of figuring out how artificial intelligence will work for or against it, one bank is putting the technology to work picking stocks for clients. … [+2798 chars]",,MarketWatch
Joseph Adinolfi,Tech stocks likely headed for a pullback. These 5 charts show their momentum is starting to fade.,"After looking past the index-level performance, there are signs that the momentum that has propelled the sector higher over the past year is starting to fade.",https://www.marketwatch.com/story/tech-stocks-likely-headed-for-a-pullback-these-5-charts-show-their-momentum-is-starting-to-fade-6b550d51,https://images.mktw.net/im-837527/social,2024-02-26T19:11:00Z,"Technology stocks are riding high following Nvidia Corp.s latest blockbuster earnings report, which helped push the Nasdaq-100 and the S&amp;P 500 technology sector to fresh record highs last week. B… [+4936 chars]",,MarketWatch
Joy Wiltermuth,"Dow Jones index struggling for ‘relevance’ despite adding Amazon, say researchers","Amazon is now part of the Dow Jones Industrial Average, but the exclusive index of 30 blue-chip stocks is still light on tech, according to Ned Davis Research.",https://www.marketwatch.com/story/dow-jones-index-struggling-for-relevance-despite-adding-amazon-says-researchers-27fd72c9,https://images.mktw.net/im-11898620/social,2024-02-26T18:59:00Z,"Amazon.com Inc.s inclusion in the more than 125-year-old Dow Jones Industrial Average index still leaves the popular stock-market barometer with a relevance problem, according to Ned Davis Researcher… [+2035 chars]",,MarketWatch
Isabel Wang,The last two scenarios when U.S. stocks went up this quickly? During the dot-com bubble and after recessions.,Periods after a recession and the dot-com bubble era are the only other episodes since WWII when stocks rallied this fast: Deutsche Bank,https://www.marketwatch.com/story/the-last-two-scenarios-when-u-s-stocks-went-up-this-quickly-during-the-dot-com-bubble-and-after-recessions-cee1a68a,https://images.mktw.net/im-36559446/social,2024-03-04T20:26:00Z,"There have been only two other scenarios when U.S. stocks climbed this fast over any four-month period since World War II, and the recent rally has strong parallels to both, according to a Deutsche B… [+3670 chars]",,MarketWatch
Suswati Basu,Nvidia unveils AI chatbot ‘Chat with RTX’ for local PCs,"Nvidia has released an early version of its Chat with RTX, which is a demo that lets users personalize a […]
The post Nvidia unveils AI chatbot ‘Chat with RTX’ for local PCs appeared first on ReadWrite.",https://readwrite.com/nvidia-unveils-ai-chatbot-chat-with-rtx-for-local-pcs/,https://readwrite.com/wp-content/uploads/2024/02/Nvidia-unveils-AI-chatbot-Chat-with-RTX-for-local-PCs.png,2024-02-13T16:52:13Z,"Nvidia has released an early version of its Chat with RTX, which is a demo that lets users personalize a chatbot with their own content on Windows PCs.
The custom generative AI is now free to downlo… [+2274 chars]",,ReadWrite
Isabel Wang,Small-cap ETFs saw record inflows last week: Why fund managers see opportunities in this ‘underloved’ segment of the market,"Megacap chip stocks at the heart of the AI frenzy continued their record run at the start of 2024, but there’s one corner of the market where investors also put their money to work: small-cap stocks.",https://www.marketwatch.com/story/small-cap-etfs-saw-record-inflows-last-week-why-fund-managers-see-opportunities-in-this-underloved-segment-of-the-market-3b9a882c,https://images.mktw.net/im-872105/social,2024-02-22T21:37:00Z,"Hello! This is MarketWatch reporter Isabel Wang bringing you this weeks ETF Wrap. In this weeks edition, we look at small-cap exchange-traded funds, which saw a notable jump in interest and inflows o… [+7030 chars]",,MarketWatch
Tomi Kilgore,"Stocks have been moving a lot more than usual after earnings. Here’s why, and what it could mean.","If it seems to you that there have been some overly volatile stock moves after earnings reports, the data shows that you are absolutely correct. The question is, why not?",https://www.marketwatch.com/story/stocks-have-been-moving-a-lot-more-than-usual-after-earnings-heres-why-and-what-it-could-mean-34e9d66c,https://images.mktw.net/im-34547632/social,2024-02-12T15:45:00Z,"If it seems to you that there have been some overly volatile stock moves after earnings reports, the data shows that you are absolutely correct.On Friday, the S&amp;P 500 index 
 SPX
 recorded its … [+3984 chars]",,MarketWatch
Tomi Kilgore,"Coca-Cola raises dividend, to boost yield to about 3.3%","Coca-Cola said it is raising its quarterly dividend by 5.4%, to 48.5 cents a share, from 46 cents a share.",https://www.marketwatch.com/story/coca-cola-raises-dividend-to-boost-yield-to-about-3-3-2ebcd03a,https://images.mktw.net/im-87442919/social,2024-02-15T19:38:00Z,"Shares of Coca-Cola Co. gained Thursday, after the beverage giant raised its dividend, effectively increasing its yield advantage over rival PepsiCo Inc.Coca-Cola said it is raising its quarterly div… [+1025 chars]",,MarketWatch
Calculated Risk,Sunday Night Futures,,https://www.blogger.com/comment.g?blogID=10004977&postID=300804290458439107&bpli=1,,2024-02-12T04:23:00Z,"Weekend:
• Schedule for Week of February 11, 2024

Monday:
• No major economic releases scheduled.
 
From CNBC: Pre-Market Data and Bloomberg futures S&P 500 and DOW futures are mostly unchanged (fai… [+427 chars]",,Blogger.com
Calculated Risk,Tuesday: No major economic releases scheduled,,https://www.blogger.com/comment.g?blogID=10004977&postID=7301502148048730919&bpli=1,,2024-02-19T23:18:00Z,"Weekend:
• Schedule for Week of February 18, 2024

Tuesday:
• No major economic releases scheduled.
 
From CNBC: Pre-Market Data and Bloomberg futures S&P 500 and DOW futures are mostly unchanged (fa… [+420 chars]",,Blogger.com
Bruce Gil,The S&P 500 is on such a tear that even Warren Buffett can't keep up,"Even the Oracle of Omaha, widely considered one of the most successful investors, has not been able to outperform the booming S&P 500 in recent years.Read more...",https://qz.com/warren-buffett-s-and-p-500-berkshire-hathaway-1851264492,"https://i.kinja-img.com/image/upload/c_fill,h_675,pg_1,q_80,w_1200/69bb9ec2e56958fcbd082dbd246fc5ea.jpg",2024-02-16T18:04:57Z,"Even the Oracle of Omaha, widely considered one of the most successful investors, has not been able to outperform the booming S&amp;P 500 in recent years.
The stock of Warren Buffetts holding compan… [+1978 chars]",,Quartz India
Calculated Risk,Sunday Night Futures,,https://www.blogger.com/comment.g?blogID=10004977&postID=3723101274064610045&bpli=1,,2024-03-03T23:14:00Z,"Weekend:
• Schedule for Week of March 3, 2024

Monday:
• No major economic releases scheduled.

From CNBC: Pre-Market Data and Bloomberg futures S&P 500 and DOW futures are down slightly (fair value)… [+414 chars]",,Blogger.com
Steve Goldstein,"Dan Loeb, in a deleted post about Biden’s economic stewardship, likens him to Mr. Magoo","Third Point founder and chief executive Dan Loeb, in a colorful way, isn’t a believer that the current economic growth will be sustained.",https://www.marketwatch.com/story/dan-loeb-in-a-deleted-post-about-bidens-economic-stewardship-likens-him-to-mr-magoo-a0a5c5e2,https://images.mktw.net/im-13975394/social,2024-02-23T12:17:00Z,"Third Point founder and chief executive Dan Loeb, in a colorful way, isnt a believer that the current economic growth will be sustained.In a now-deleted message on the social media service X, Loeb qu… [+1426 chars]",,MarketWatch
Steve Goldstein,This chart shows why the Fed’s rate-hike campaign hasn’t generated a recession,One of the enduring puzzles of the current economic strength is how little impact the Fed’s rate hikes seemed to have caused — not generating the recession...,https://www.marketwatch.com/story/this-chart-shows-why-the-feds-rate-hike-campaign-hasnt-generated-a-recession-dda42d6d,https://images.mktw.net/im-16877276/social,2024-03-01T09:37:00Z,"The hikes, from zero all the way up to the current range of 5.25% and 5.5% in just a year and a half, did impact parts of the economy: new-home sales, for instance, slumped from an annual rate of 830… [+1355 chars]",,MarketWatch
Steve Gelsi,"Post-Silicon Valley Bank, regulators are still not aggressive enough to prevent bank collapses","Banking regulators could prevent further bank collapses by being more aggressive with tools they already have for both big and small banks, a panel of banking experts said Tuesday — raising alarms of another collapse similar to that of Silicon Valley Bank.",https://www.marketwatch.com/story/post-silicon-valley-bank-regulators-are-still-not-aggressive-enough-to-prevent-bank-collapses-5b8a61a5,https://images.mktw.net/im-884695/social,2024-03-05T18:57:00Z,"Banking regulators could prevent further bank collapses by being more aggressive with tools they already have for both big and small banks, a panel of banking experts said Tuesday.
PNC Financial Ser… [+259 chars]",,MarketWatch
Calculated Risk,Sunday Night Futures,,https://www.blogger.com/comment.g?blogID=10004977&postID=4953469956919627081&bpli=1,,2024-03-10T22:06:00Z,"Weekend:
• Schedule for Week of March 10, 2024

Monday:
• At 10:00 AM ET, State Employment and Unemployment (Monthly) for January 2024

From CNBC: Pre-Market Data and Bloomberg futures S&P 500 are up… [+459 chars]",,Blogger.com
George Glover,"Nvidia is 'jet fuel' for the stock market, say Wall Street analysts","Dan Ives of Wedbush called Nvidia's blowout earnings the ""biggest moment for the market and tech sector in many years.""",https://www.businessinsider.com/nvidia-earnings-jensen-huang-ai-chatgpt-wall-street-reaction-2024-2,https://i.insider.com/65d738ada3bd891424f9269c?width=1200&format=jpeg,2024-02-22T13:22:22Z,"Nvidia CEO Jensen Huang.Sam Yeh/AFP/Getty Images
<ul><li>Nvidia posted stellar numbers after Wednesday's closing bell.</li><li>The stock surged 14% in premarket trading, putting it on course to boos… [+3226 chars]",business-insider,Business Insider
,Companies Need to Focus More on Cash Flow and Return on Capital - SPONSOR CONTENT FROM EY,Sponsor content from EY.,https://hbr.org/sponsored/2024/02/companies-need-to-focus-more-on-cash-flow-and-return-on-capital,https://hbr.org/resources/images/article_assets/2024/02/EY-Article1_ER_Hero-image.png,2024-02-29T20:00:28Z,"Sponsor content from EY.
""&gt;
Sponsor content from EY.
""&gt;
If you attempt to assess intrinsic value, investor Warren Buffett once said, it all relates to cash flows. The only reason for puttin… [+5982 chars]",,Harvard Business Review
Jennifer Sor,"Steep rate cuts are coming as the job market looks poised to weaken, Wells Fargo strategist says","The job market is probably only half as strong as it looks on the surface, Wells Fargo strategist Erik Nelson said.",https://www.businessinsider.com/fed-rate-cuts-outlook-recession-economy-job-market-unemployment-rate-2024-2,https://i.insider.com/5f2c43f84dca6848841c3d26?width=1200&format=jpeg,2024-02-20T17:09:05Z,"Sarah Silbiger/Getty Images
<ul>
<li>The Fed could slash rates more than expected in 2024, Wells Fargo strategist Erik Nelson said. </li>
<li>That's because the job market is likely weaker than it l… [+2985 chars]",business-insider,Business Insider
MarketWatch,These mutual fund and ETF investing tips can help you avoid the market’s traps,"Beating an index, more about the “Magnificent Seven,” and AI’s impact on financial advice.",https://www.marketwatch.com/story/these-mutual-fund-and-etf-investing-tips-can-help-you-avoid-the-markets-traps-bdbd19dd,https://images.mktw.net/im-677476/social,2024-02-15T13:18:00Z,"Sign up here to get MarketWatchs highlights of the most timely ETF news emailed to you weekly!Fund managers are no longer forecasting a U.S. recession for the first time in a year and half, according… [+2011 chars]",,MarketWatch
William Watts,Nasdaq Composite posts first record close in over 2 years,"The tech-heavy Nasdaq Composite Index posted its first record finish in more than two years Thursday, as inflation figures sparked a relief rally.",https://www.marketwatch.com/story/nasdaq-composite-posts-first-record-close-in-over-2-years-75c94374,https://images.mktw.net/im-43338950/social,2024-02-29T21:38:00Z,"The tech-heavy index 
 COMP,
 which comprises most of the stocks that trade on the Nasdaq stock exchange and is one of the worlds most closely followed benchmarks, finished with a gain of 144.18 po… [+1254 chars]",,MarketWatch
Jeffry Bartash,Consumer sentiment final reading in February stays at 79.6,"The second of two readings of the consumer sentiment survey in February was unchanged at 79.6 earlier in the month, the University of Michigan said Friday. That’s the highest reading since July 2021.",https://www.marketwatch.com/story/consumer-sentiment-final-reading-in-february-stays-at-79-6-85e6ea29,https://images.mktw.net/im-68506844/social,2024-03-01T15:04:00Z,"Story developing. Stay tuned for updates here.
The numbers: The second of two readings of the consumer sentiment survey in February was unchanged at 79.6 earlier in the month, the University of Mich… [+381 chars]",,MarketWatch
Robertomigliore,Real Estate Investing Goes Green With Source Agriculture’s Farmland Investment,"Michael Burry, known for predicting and profiting from the 2008 crash, is a huge proponent of  farmland investing. Seeing it […]
The post Real Estate Investing Goes Green With Source Agriculture’s Farmland Investment appeared first on ReadWrite.",https://readwrite.com/real-estate-investing-goes-green-with-source-agricultures-farmland-investment/,https://readwrite.com/wp-content/uploads/2024/02/Depositphotos_5917569_S.jpg,2024-02-14T13:56:17Z,"Michael Burry, known for predicting and profiting from the 2008 crash, is a huge proponent of 
farmland investing. Seeing it as one of the best-performing asset classes of the future, hes allocated … [+5724 chars]",,ReadWrite
Calculated Risk,Monday: New Home Sales,,https://www.blogger.com/comment.g?blogID=10004977&postID=6250205866791415857&bpli=1,,2024-02-26T02:23:00Z,"Weekend:
• Schedule for Week of February 25, 2024

Monday:
• At 10:00 AM ET, New Home Sales for January from the Census Bureau. The consensus is that new home sales increased to 675 thousand SAAR, up… [+631 chars]",,Blogger.com
Jamie Chisholm,"Stocks can still rise even as momentum signals suggest caution, history finds.","Overbought momentum doesn’t mean rally will come to a stop, says analyst.",https://www.marketwatch.com/story/stocks-can-still-rise-even-as-momentum-signals-suggest-caution-history-finds-e7a94c09,https://images.mktw.net/im-16255885/social,2024-03-01T11:36:00Z,"The records keep tumbling. The Nasdaq Composite 
 COMP
 has joined the S&amp;P 500 
 SPX
 in securing a new high. Early Friday futures suggest a marginal dip from those levels at the opening bell… [+7682 chars]",,MarketWatch
Joseph Adinolfi,"Bullish bets on Nvidia, other ‘Magnificent Seven’ members near their most crowded levels in the past year","The trend is prompting some derivatives-market experts to warn that the broader market could be at risk of a pullback as Big Tech stocks, which have led the market higher over the past year, could falter following Friday’s options expiration.",https://www.marketwatch.com/story/bullish-bets-on-nvidia-other-magnificent-seven-members-near-their-most-crowded-levels-in-the-past-year-5a30fb90,https://images.mktw.net/im-609932/social,2024-02-13T19:26:00Z,"Bets on risky bullish options tied to members of the Magnificent Seven and other market-leading technology stocks are nearing their most crowded levels in the past year, according to data from market… [+5237 chars]",,MarketWatch
Philip van Doorn,Some investors switch direction as Nvidia and AI stocks soar,"Coverage of the stock market has been dominated by Nvidia Corp. this week, as another eye-popping set of numbers has made the case that we are still in an early phase of the infrastructure rollout to support artificial intelligence technology.",https://www.marketwatch.com/story/some-investors-switch-direction-as-nvidia-and-ai-stocks-soar-fe4acc06,https://images.mktw.net/im-51210446/social,2024-02-23T17:29:00Z,"Coverage of the stock market has been dominated by Nvidia Corp. this week, as another eye-popping set of numbers has made the case that we are still in an early phase of the infrastructure rollout to… [+5664 chars]",,MarketWatch
Isabel Wang,U.S. stocks are off to their best start to a year since 2019 – and the rally is not just about the Magnificent Seven,Beaten-down corners of the stock market also found the spotlight to start 2024.,https://www.marketwatch.com/story/u-s-stocks-are-off-to-their-best-start-to-a-year-since-2019-and-the-rally-is-not-just-about-the-magnificent-seven-a0627fb6,https://images.mktw.net/im-11546130/social,2024-02-29T16:30:00Z,U.S. stocks remain on pace to cap a strong first two months of 2024. While the so-called Magnificent Seven tech stocks continued to lead much of the stock-market rally that propelled the S&amp;P 500 … [+5853 chars],,MarketWatch
Philip van Doorn,These defense stocks may fare best whether Biden or Trump wins in November,The stage is set for what could be a strong multiyear period for U.S. defense contractors.,https://www.marketwatch.com/story/these-defense-stocks-may-fare-best-whether-biden-or-trump-wins-in-november-ed0ba5c0,https://images.mktw.net/im-13211489/social,2024-02-28T17:14:00Z,"Assuming the major parties nominees for the November U.S. presidential election will be Joe Biden and Donald Trump, it is anybodys guess who will be elected, but it can be useful for investors to con… [+9637 chars]",,MarketWatch
Jeffry Bartash,"Jobless claims drop 12,000 to 201,000 in Feb. 17 week",Low level of layoffs show the economy is growing,https://www.marketwatch.com/story/jobless-claims-drop-12-000-to-201-000-in-feb-17-week-743ca6c6,https://mw3.wsj.net/mw5/content/logos/mw_logo_social.png,2024-02-22T13:31:00Z,"Story developing. Stay tuned for updates here.
The numbers: The number of Americans who applied for unemployment benefits in mid-February fell to a five-week low of 201,000 and signaled the U.S. lab… [+623 chars]",,MarketWatch
Barry Ritholtz,10 Weekend Reads,"The weekend is here! Pour yourself a mug of  coffee, grab a seat by the fire, and get ready for our longer-form weekend reads: • The Federal Reserve Just Leashed The S&P 500 And Raised The Bar For Rate Cuts: Yet the formal shift in the Fed’s bias from tighten…",https://ritholtz.com/2024/03/weekend-reads-604/,https://ritholtz.com/wp-content/uploads/2024/02/1percent.png,2024-03-02T11:30:05Z,"The weekend is here! Pour yourself a mug of  coffee, grab a seat by the fire, and get ready for our longer-form weekend reads: The Federal Reserve Just Leashed The S&amp;P 500 And Raised The Bar For … [+3715 chars]",,Ritholtz.com
Joseph Adinolfi,A second Trump term may benefit these stock-market sectors most,"There’s a very real possibility that former President Donald Trump may retake the White House in November, according to the latest polls.",https://www.marketwatch.com/story/a-second-trump-term-may-benefit-these-stock-market-sectors-most-07bfc12a,https://images.mktw.net/im-90182911/social,2024-02-27T15:46:00Z,"Theres a real possibility that former President Donald Trump may retake the White House in November, according to the latest polls. Therefore, its worth asking: How might a second Trump term impact s… [+4935 chars]",,MarketWatch
Brett Arends,U.S. investors may be chasing the wrong target,The obsession with the U.S. stock market and its wild valuations have created an opportunity for the rest of us.,https://www.marketwatch.com/story/u-s-investors-may-be-chasing-the-wrong-target-1013d677,https://images.mktw.net/im-63037169/social,2024-03-05T15:19:00Z,"If youre just going to chase the stocks that have already made the most money, forget the so-called Magnificent Seven, or even the GRANOLAs.And buy the BENTPAKs.These are the seven stocks that, the D… [+4533 chars]",,MarketWatch
,Deploy Gemma 7B with TensorRT-LLM and achieve > 500 tok/s,"A guide that shows how to deploy LLMs, specifically Google's Gemma with TensorRT on Mystic's deployment platform",https://docs.mystic.ai/docs/deploy-gemma7b-tensorrt-llm,,2024-02-23T18:07:19Z,"TensorRT-LLM offers an optimized runtime to efficiently perform inference on NVIDIA GPUs. Although it requires some more technical understanding than other optimised backends like vLLM or Exllamva2, … [+14328 chars]",,Mystic.ai
Joseph Adinolfi,Nasdaq has gone more than 300 days without a major pullback. Does that mean a shakeout is overdue?,"While this doesn’t necessarily mean the artificial-intelligence-driven boom in U.S. stocks is ripe for a selloff, Krinsky thinks the market is overdue for a bout of volatility.",https://www.marketwatch.com/story/nasdaq-has-gone-more-than-300-days-without-a-major-pullback-does-that-mean-a-shakeout-is-overdue-a8afb112,https://images.mktw.net/im-56028536/social,2024-03-04T21:54:00Z,"The tech-heavy Nasdaq-100 has gone 303 trading sessions without a pullback of 2.5% or more, the third-longest stretch since 1990, according to Jonathan Krinsky, chief market technician at BTIG. While… [+2052 chars]",,MarketWatch
Steve Goldstein,SEC reportedly probing OpenAI’s Sam Altman,The Securities and Exchange Commission is reportedly investigating whether Sam Altman has to whether he misled OpenAI’s small coterie of wealthy investors.,https://www.marketwatch.com/story/sec-reportedly-probing-openais-sam-altman-1c637699,https://images.mktw.net/im-17191445/social,2024-02-29T09:38:00Z,"The Securities and Exchange Commission is reportedly investigating whether Sam Altman misled OpenAIs small coterie of wealthy investors.
Altman was dismissed, and then brought back, as head of the c… [+656 chars]",,MarketWatch
Jon Swartz,"La-Z-Boy’s stock slumps 12% on revenue drop, earnings miss",La-Z-Boy Inc.’s stock slumped 12% in after-hours trading Tuesday after the company posted quarterly results that fell short of analysts’ revenue and earnings estimates.,https://www.marketwatch.com/story/la-z-boys-stock-slumps-12-on-revenue-drop-earnings-miss-7199c187,https://images.mktw.net/im-803627/social,2024-02-20T22:18:00Z,"La-Z-Boy Inc.s stock slumped 12% in after-hours trading Tuesday after the company posted quarterly results that fell short of analysts revenue and earnings estimates.
The furniture maker 
 LZB,
 -… [+497 chars]",,MarketWatch
Jeffry Bartash,Leading economic index for U.S. falls 0.4% in January in 22nd straight decline,More than half of the leading indicators point to positive growth,https://www.marketwatch.com/story/leading-economic-index-for-u-s-falls-0-4-in-january-in-22nd-straight-decline-760c4221,https://images.mktw.net/im-46619953/social,2024-02-20T15:00:00Z,"Story developing. Stay tuned for updates here.
The numbers: The leading indicators of the economy fell in January for the 22nd month in a row the third longest losing streak ever but the U.S. still … [+760 chars]",,MarketWatch
Jon Swartz,GitLab’s weak earnings guidance is punishing its stock,GitLab Inc.’s stock dropped 12% in after-hours trading Monday after the company posted quarterly results that topped analysts’ estimates but issued weak guidance.,https://www.marketwatch.com/story/gitlabs-stock-drops-8-on-weak-earnings-guidance-d071619f,https://images.mktw.net/im-417254/social,2024-03-04T21:33:00Z,"GitLab Inc.s stock dropped 12% in after-hours trading Monday after the company posted quarterly results that topped analysts estimates but issued weak guidance. 
GitLab 
 GTLB,
 +1.58%
reported a… [+670 chars]",,MarketWatch
Barbara Kollmeyer,"Stocks can get more expensive, but don’t get in front of FOMO for now, says strategist","This is no time to bail on momentum trades, even if stocks are looking expensive, says Evercore’s Julian Emanuel.",https://www.marketwatch.com/story/stocks-can-get-more-expensive-but-dont-get-in-front-of-fomo-for-now-says-strategist-e05fb2da,https://images.mktw.net/im-88409229/social,2024-02-22T11:45:00Z,"The bulls are back in town or maybe they never left. After blowing past forecasts, Nvidia is not only soaring in premarket, but mass enthusiasm is sparking stock records from Tokyo to Paris, pointing… [+6402 chars]",,MarketWatch
Tomi Kilgore,MicroStrategy’s stock pulls back after plan to offer debt to buy more bitcoin,"MicroStrategy’s stock fell Tuesday, as the business-analytics software company and bitcoin play’s plan to offer convertible debt gave investors a reason to take a breather following the stock’s recent sprint to a 24-year high.",https://www.marketwatch.com/story/microstrategys-stock-pulls-back-after-plan-to-offer-debt-to-buy-more-bitcoin-4f8a1838,https://images.mktw.net/im-94974111/social,2024-03-05T13:15:00Z,"Shares of MicroStrategy Inc. fell Tuesday, as the business-analytics software company and bitcoin plays plan to offer convertible debt gave investors a reason to take a breather following the stocks … [+1859 chars]",,MarketWatch
Tyler Cowen,U.S. equity market dominance,That is the topic of my latest Bloomberg column: The worldwide dominance of US equities is increasingly obvious. Of the top 10 components of the MSCI global stocks index — which itself now consists of about 70% US stocks — eight are US technology companies. T…,https://marginalrevolution.com/marginalrevolution/2024/02/u-s-equity-market-dominance.html,https://marginalrevolution.com/wp-content/uploads/2016/10/MR-logo-thumbnail.png,2024-02-20T05:56:01Z,"That is the topic of my latest Bloomberg column:
The worldwide dominance of US equities is increasingly obvious. Of the top 10 components of the MSCI global stocks index which itself now consists of… [+1526 chars]",,Marginalrevolution.com
marketwatch.com,S&P 500’s breadth ‘still narrow’ after record peak,"The S&P 500 index is trading around record highs after just four stocks drove nearly half of its gains in February, according to BofA Global Research. “U.S. equities outperformed other asset classes including bonds” last month, said BofA equity and quantitati…",https://biztoc.com/x/c29bcfa4df4d5f0b,https://c.biztoc.com/p/c29bcfa4df4d5f0b/s.webp,2024-03-04T19:58:10Z,"The S&amp;P 500 index is trading around record highs after just four stocks drove nearly half of its gains in February, according to BofA Global Research.U.S. equities outperformed other asset classe… [+318 chars]",,Biztoc.com
asoni@insider.com (Aruni Soni),"100 years of history shows today's tech-heavy stock market still has room to run, Goldman says","In five out of the seven peaks in market concentration going back a century, the S&P 500 has continued rising after the high, Goldman Sachs said.",https://markets.businessinsider.com/news/stocks/stock-market-outlook-tech-stocks-concentration-nvidia-meta-dotcom-bubble-2024-3,https://i.insider.com/648aeacc1cc64b001ae142aa?width=1200&format=jpeg,2024-03-08T16:11:56Z,"A century of history has a message for everyone fretting over tech concentration in the stock market: don't sweat it. 
Looking at the past 100 years, the S&amp;P 500 has continued rising in the year… [+2545 chars]",business-insider,Business Insider
Barbara Kollmeyer,"Wall Street’s ‘mob psychology’ could fuel a dangerous stock meltup, warns top strategist",Ed Yardeni says giddy Wall Street analysts could be the undoing of this stock market.,https://www.marketwatch.com/story/wall-streets-mob-psychology-could-fuel-a-dangerous-stock-meltup-warns-top-strategist-fc8647c6,https://images.mktw.net/im-59050122/social,2024-02-20T11:57:00Z,"The U.S. post-holiday mood looks jittery for Tuesday, with Big Tech stocks such as Nvidia dipping ahead of the open, one day ahead of highly anticipated results.As MarketWatchs Joe Adinolfi recently … [+7758 chars]",,MarketWatch
